id,first_name,last_name,email,gender,ip_address
1,Gottfried,Mauvin,gmauvin0@marketwatch.com,Male,207.231.197.109
2,Gard,Keighley,gkeighley1@artisteer.com,Male,77.57.39.183
3,Kile,Reeves,kreeves2@salon.com,Male,56.69.78.14
4,Yolane,Grzelewski,ygrzelewski3@senate.gov,Female,221.183.161.244
5,Pierce,Breeze,pbreeze4@ezinearticles.com,Male,145.83.238.208
6,Nannie,Scirman,nscirman5@princeton.edu,Female,79.129.110.62
7,Dario,Lawey,dlawey6@smugmug.com,Male,246.140.246.34
8,Jock,Veneur,jveneur7@youtu.be,Male,255.82.5.253
9,Abel,Byfford,abyfford8@networkadvertising.org,Male,42.7.53.54
10,Tomkin,Doward,tdoward9@addtoany.com,Male,199.11.42.3
11,Billy,Drews,bdrewsa@webs.com,Male,4.248.26.72
12,Anetta,Davidowsky,adavidowskyb@nyu.edu,Female,219.22.167.167
13,Mace,Kuschel,mkuschelc@unblog.fr,Male,132.137.121.211
14,Ferrell,Breissan,fbreissand@springer.com,Male,231.207.183.14
15,Caryl,Willsmore,cwillsmoree@bloomberg.com,Male,111.159.46.224
16,Corena,Fluger,cflugerf@desdev.cn,Female,149.23.127.197
17,Nalani,Joplin,njopling@ucsd.edu,Female,181.154.173.92
18,Tucker,Andrusov,tandrusovh@mysql.com,Male,247.201.39.82
19,Uri,Ledgley,uledgleyi@stumbleupon.com,Male,105.201.197.160
20,Phaidra,McCree,pmccreej@foxnews.com,Female,53.42.217.203
21,Gwenette,Tayler,gtaylerk@example.com,Female,109.16.188.143
22,Erma,Kabos,ekabosl@senate.gov,Female,27.108.226.223
23,Asher,Menere,amenerem@virginia.edu,Male,165.67.122.101
24,Ariel,Woodwin,awoodwinn@irs.gov,Female,122.163.27.239
25,Barbaraanne,Aslet,basleto@bizjournals.com,Female,17.233.41.239
26,Read,Coleson,rcolesonp@purevolume.com,Male,251.219.211.167
27,Hailee,Reckless,hrecklessq@desdev.cn,Female,31.249.132.246
28,Vitoria,Jakucewicz,vjakucewiczr@patch.com,Female,112.196.38.176
29,Alphonso,Parris,aparriss@smugmug.com,Male,193.8.16.51
30,Barbra,Suttle,bsuttlet@fastcompany.com,Female,0.114.175.73
31,Cordula,Ecob,cecobu@live.com,Female,144.204.111.243
32,Merralee,Cheesley,mcheesleyv@prlog.org,Female,176.33.35.46
33,Cecile,Ivanyushin,civanyushinw@addtoany.com,Female,55.222.66.88
34,Kania,McKie,kmckiex@ebay.co.uk,Female,37.144.135.204
35,Melody,Frizzell,mfrizzelly@bluehost.com,Female,99.133.133.140
36,Jacquelin,Bysshe,jbysshez@soup.io,Female,35.197.106.34
37,Bell,Keough,bkeough10@goo.ne.jp,Female,121.18.126.243
38,Betteanne,Zylbermann,bzylbermann11@gnu.org,Female,55.49.92.152
39,Evey,Laphorn,elaphorn12@stanford.edu,Female,135.102.2.179
40,Fergus,Broady,fbroady13@ucsd.edu,Male,126.63.15.4
41,Cristi,Aupol,caupol14@printfriendly.com,Female,61.34.75.156
42,Lars,Godspede,lgodspede15@salon.com,Male,197.15.4.198
43,Elsi,Cadd,ecadd16@sogou.com,Female,47.100.81.143
44,Buiron,Ruddom,bruddom17@stanford.edu,Male,247.17.48.177
45,Avrom,Lago,alago18@rediff.com,Male,113.186.129.191
46,Lazare,Peirone,lpeirone19@bloglines.com,Male,194.84.94.116
47,Agace,Beggi,abeggi1a@sciencedaily.com,Female,55.23.56.227
48,Dru,Torbard,dtorbard1b@hp.com,Female,83.55.54.121
49,Giulietta,Sweetland,gsweetland1c@simplemachines.org,Female,31.61.136.176
50,Brnaba,Griffen,bgriffen1d@ifeng.com,Male,195.57.45.253
51,Eolanda,Sone,esone1e@ning.com,Female,32.223.127.228
52,Charline,Rosenblad,crosenblad1f@amazon.de,Female,37.220.82.111
53,Tad,Renzini,trenzini1g@infoseek.co.jp,Male,148.226.215.219
54,Aldon,Clears,aclears1h@merriam-webster.com,Male,222.221.245.105
55,Blakelee,Kummerlowe,bkummerlowe1i@acquirethisname.com,Female,77.157.0.162
56,Willi,Dodman,wdodman1j@dropbox.com,Female,56.127.67.127
57,Gabriella,Howship,ghowship1k@epa.gov,Female,8.198.132.126
58,Barnett,Struther,bstruther1l@arizona.edu,Male,32.246.232.145
59,Winnie,Rivett,wrivett1m@ebay.co.uk,Male,147.176.141.108
60,Prentiss,Gunson,pgunson1n@patch.com,Male,93.247.208.125
61,Hertha,Skeleton,hskeleton1o@edublogs.org,Female,65.134.32.118
62,Candice,Doble,cdoble1p@alibaba.com,Female,138.216.200.216
63,Corrianne,Canniffe,ccanniffe1q@odnoklassniki.ru,Female,157.199.225.149
64,Wain,Broggelli,wbroggelli1r@netscape.com,Male,199.182.47.202
65,Zahara,Saket,zsaket1s@twitpic.com,Female,18.235.36.144
66,Marilee,Figin,mfigin1t@vistaprint.com,Female,42.191.71.217
67,Tannie,Jobling,tjobling1u@walmart.com,Male,93.19.45.83
68,Timotheus,Stampe,tstampe1v@princeton.edu,Male,184.177.31.79
69,Jori,Lefwich,jlefwich1w@oracle.com,Female,206.155.39.251
70,Gian,Rafferty,grafferty1x@bloglines.com,Male,175.201.155.88
71,Marchelle,felip,mfelip1y@webmd.com,Female,196.247.112.157
72,Rog,Greensted,rgreensted1z@domainmarket.com,Male,150.233.75.149
73,Kissee,Lukins,klukins20@weather.com,Female,3.105.116.197
74,Birdie,Kless,bkless21@t-online.de,Female,133.208.64.15
75,Parke,Keesman,pkeesman22@geocities.com,Male,75.54.108.159
76,Nelle,Gallie,ngallie23@angelfire.com,Female,1.194.214.86
77,Levey,Lyal,llyal24@yandex.ru,Male,210.242.173.34
78,Verla,Witnall,vwitnall25@sina.com.cn,Female,83.97.160.212
79,Ambros,Muzzi,amuzzi26@desdev.cn,Male,51.84.26.19
80,Georgeanne,Uzzell,guzzell27@delicious.com,Female,182.47.74.28
81,Marcella,Louisot,mlouisot28@dell.com,Female,80.125.62.156
82,Yehudi,Constanza,yconstanza29@csmonitor.com,Male,131.201.213.188
83,Dede,Bullough,dbullough2a@istockphoto.com,Female,74.169.42.6
84,Bronny,Curtin,bcurtin2b@dagondesign.com,Male,253.93.177.58
85,Malia,Matiasek,mmatiasek2c@apple.com,Female,122.92.92.95
86,Emera,Sartin,esartin2d@uol.com.br,Female,124.240.110.133
87,Darius,Cocks,dcocks2e@cisco.com,Male,43.222.144.47
88,Janela,Tythe,jtythe2f@ning.com,Female,169.74.104.97
89,Sheelagh,Girk,sgirk2g@feedburner.com,Female,226.144.186.233
90,Georgette,Middle,gmiddle2h@yahoo.co.jp,Female,15.162.32.45
91,Agatha,McCart,amccart2i@163.com,Female,119.181.147.166
92,Briana,Basilotta,bbasilotta2j@g.co,Female,247.12.12.93
93,Ellyn,Raleston,eraleston2k@epa.gov,Female,235.165.66.17
94,Roderigo,Denyagin,rdenyagin2l@domainmarket.com,Male,109.30.24.160
95,Cly,Zorro,czorro2m@so-net.ne.jp,Male,92.16.49.33
96,Carr,Hrycek,chrycek2n@dot.gov,Male,15.115.85.212
97,Dorrie,Guthrum,dguthrum2o@skyrock.com,Female,203.44.238.197
98,Kristopher,Fawcus,kfawcus2p@google.it,Male,156.128.98.90
99,Culver,Bough,cbough2q@dedecms.com,Male,154.129.158.254
100,Bogart,Corkish,bcorkish2r@un.org,Male,45.21.137.223
101,Marlon,Kobus,mkobus2s@issuu.com,Male,123.121.100.105
102,Irvine,Brandi,ibrandi2t@about.com,Male,209.110.236.187
103,Che,Teasdale,cteasdale2u@dedecms.com,Male,46.206.80.251
104,Haskel,Smedmoor,hsmedmoor2v@stanford.edu,Male,9.10.99.118
105,Whitby,Brame,wbrame2w@woothemes.com,Male,80.216.80.246
106,Donall,Brunstan,dbrunstan2x@arstechnica.com,Male,242.181.194.96
107,Danila,Enston,denston2y@mozilla.com,Female,196.100.134.18
108,Giselle,Blanking,gblanking2z@deviantart.com,Female,185.158.14.34
109,Kaine,Ivasechko,kivasechko30@vimeo.com,Male,33.0.244.218
110,Frederic,Threadgould,fthreadgould31@w3.org,Male,83.9.242.150
111,Grannie,Witchalls,gwitchalls32@barnesandnoble.com,Male,166.17.142.160
112,Helena,Roche,hroche33@tmall.com,Female,247.130.123.222
113,Claudia,Torel,ctorel34@wsj.com,Female,52.211.103.88
114,Rosetta,Youster,ryouster35@si.edu,Female,164.105.99.92
115,Chad,Oulner,coulner36@altervista.org,Female,24.86.138.58
116,Krispin,Silmon,ksilmon37@answers.com,Male,97.253.138.109
117,Noemi,Garrettson,ngarrettson38@time.com,Female,66.226.148.66
118,Boot,Goodrick,bgoodrick39@netvibes.com,Male,147.208.0.34
119,Dionne,McOwen,dmcowen3a@odnoklassniki.ru,Female,136.105.71.18
120,Tye,Southgate,tsouthgate3b@dagondesign.com,Male,76.7.190.200
121,Robby,Dunkerk,rdunkerk3c@kickstarter.com,Female,77.49.156.96
122,Dallon,Fumagall,dfumagall3d@yolasite.com,Male,219.19.127.156
123,Louisa,Tefft,ltefft3e@shareasale.com,Female,151.229.7.248
124,Victoir,Jeste,vjeste3f@google.ca,Male,227.125.54.138
125,Flinn,Ivanenkov,fivanenkov3g@networksolutions.com,Male,135.142.170.131
126,Teressa,Simoni,tsimoni3h@people.com.cn,Female,84.214.52.172
127,Aaren,Roscher,aroscher3i@independent.co.uk,Female,32.240.53.6
128,Ulberto,McCurtain,umccurtain3j@goodreads.com,Male,54.70.218.173
129,Rickie,Milch,rmilch3k@boston.com,Female,181.3.60.157
130,Dov,Realph,drealph3l@hhs.gov,Male,144.22.134.110
131,Rogerio,Lambrick,rlambrick3m@ucoz.ru,Male,205.198.72.166
132,Rayner,Bootyman,rbootyman3n@dell.com,Male,190.18.133.33
133,Lyn,Dowry,ldowry3o@nasa.gov,Male,16.235.152.249
134,Merralee,Romer,mromer3p@berkeley.edu,Female,78.174.115.34
135,Rick,Houseley,rhouseley3q@nationalgeographic.com,Male,70.191.78.139
136,Catrina,Crowdson,ccrowdson3r@merriam-webster.com,Female,50.19.202.54
137,Veronique,Bernardi,vbernardi3s@ftc.gov,Female,207.190.83.219
138,Ilsa,Jurges,ijurges3t@stumbleupon.com,Female,208.190.165.248
139,Eliza,Dowyer,edowyer3u@gov.uk,Female,234.117.172.156
140,Dex,MacFadzean,dmacfadzean3v@soundcloud.com,Male,104.139.113.114
141,Trixi,Haveline,thaveline3w@booking.com,Female,78.152.13.42
142,Mile,Greenly,mgreenly3x@census.gov,Male,140.1.101.89
143,Elisa,Dedrick,ededrick3y@prweb.com,Female,131.252.139.205
144,Clemmy,McAndrew,cmcandrew3z@shinystat.com,Female,106.222.187.182
145,Carlen,Athy,cathy40@ox.ac.uk,Female,175.35.51.174
146,Cindelyn,Sarjeant,csarjeant41@t-online.de,Female,53.45.163.155
147,Brent,Choffin,bchoffin42@microsoft.com,Male,57.158.231.156
148,Noreen,Kiehnlt,nkiehnlt43@51.la,Female,42.98.150.87
149,Allayne,Clymo,aclymo44@com.com,Male,83.72.205.11
150,Ignaz,Twyford,itwyford45@cornell.edu,Male,37.117.40.228
151,Donnamarie,Docksey,ddocksey46@live.com,Female,203.81.238.71
152,Nikolaos,Coumbe,ncoumbe47@upenn.edu,Male,201.158.53.218
153,Bernetta,Bingell,bbingell48@ed.gov,Female,78.139.113.34
154,Tracee,Garrigan,tgarrigan49@springer.com,Female,149.49.100.54
155,Madison,Davioud,mdavioud4a@4shared.com,Male,93.203.146.152
156,Carola,Merrell,cmerrell4b@unesco.org,Female,28.81.255.235
157,Burgess,Louden,blouden4c@msu.edu,Male,253.96.234.174
158,Heriberto,Toyne,htoyne4d@berkeley.edu,Male,42.135.209.191
159,Ban,Marchand,bmarchand4e@ibm.com,Male,29.194.152.123
160,Jeddy,Keppy,jkeppy4f@liveinternet.ru,Male,3.89.176.111
161,Amitie,Rosenfield,arosenfield4g@spiegel.de,Female,29.241.132.60
162,Cacilie,Zielinski,czielinski4h@amazon.co.jp,Female,125.84.210.99
163,Ettore,Sked,esked4i@constantcontact.com,Male,209.112.170.253
164,Gordy,Blaine,gblaine4j@is.gd,Male,197.73.2.146
165,Sherrie,Ert,sert4k@google.de,Female,204.76.96.109
166,Melinda,Brehault,mbrehault4l@unc.edu,Female,135.30.238.186
167,Homere,Mersey,hmersey4m@squidoo.com,Male,45.138.116.251
168,Nevil,Dami,ndami4n@amazon.co.uk,Male,35.41.50.167
169,Luther,Southgate,lsouthgate4o@scribd.com,Male,200.228.236.123
170,Alan,Purse,apurse4p@alexa.com,Male,17.73.225.58
171,Tirrell,Kobiera,tkobiera4q@discuz.net,Male,187.13.232.209
172,Harold,Delacroux,hdelacroux4r@weather.com,Male,223.133.140.22
173,Carlyle,Charge,ccharge4s@reuters.com,Male,228.134.195.242
174,Skipp,Eliasen,seliasen4t@ustream.tv,Male,230.67.186.31
175,Asa,Bennike,abennike4u@spiegel.de,Male,48.85.225.56
176,Ada,McMenamie,amcmenamie4v@dropbox.com,Female,150.207.159.224
177,Roxanne,Kornas,rkornas4w@t.co,Female,35.148.150.222
178,Jessie,Cotilard,jcotilard4x@eventbrite.com,Female,11.114.245.254
179,Henka,Bunning,hbunning4y@netvibes.com,Female,60.137.30.32
180,Sonnie,Ortsmann,sortsmann4z@house.gov,Male,157.80.227.53
181,Delora,Rayworth,drayworth50@jiathis.com,Female,15.94.131.49
182,Rakel,Leafe,rleafe51@booking.com,Female,86.114.33.33
183,Bay,Clows,bclows52@digg.com,Male,135.107.51.160
184,Wells,Dagnall,wdagnall53@samsung.com,Male,103.117.37.184
185,Mallissa,Duigan,mduigan54@imdb.com,Female,194.243.50.254
186,Bethanne,Michelle,bmichelle55@naver.com,Female,50.162.17.38
187,Meryl,Seldon,mseldon56@seattletimes.com,Male,44.118.4.130
188,Kelwin,Calafato,kcalafato57@apple.com,Male,131.140.198.145
189,Boote,Waterhowse,bwaterhowse58@economist.com,Male,68.188.101.112
190,Maxie,Alexandrou,malexandrou59@ucoz.com,Female,210.235.197.32
191,Thom,Cleever,tcleever5a@timesonline.co.uk,Male,184.38.96.160
192,Marcus,Hicklingbottom,mhicklingbottom5b@vkontakte.ru,Male,244.159.156.32
193,Wright,Mapledoore,wmapledoore5c@theguardian.com,Male,233.197.23.188
194,Ruthi,Dod,rdod5d@fema.gov,Female,231.163.5.60
195,Ari,Scutcheon,ascutcheon5e@cmu.edu,Male,72.96.30.137
196,Annadiana,Keatch,akeatch5f@reddit.com,Female,156.239.140.92
197,Jamie,Ludye,jludye5g@github.io,Male,99.234.14.121
198,Lurleen,Bennetto,lbennetto5h@noaa.gov,Female,19.190.83.87
199,Bernadette,Bauchop,bbauchop5i@apple.com,Female,114.40.22.47
200,Teddy,Gotcher,tgotcher5j@newsvine.com,Female,53.207.234.148
201,Artair,Nurny,anurny5k@dailymail.co.uk,Male,129.183.57.132
202,Kacie,Thackston,kthackston5l@gov.uk,Female,43.211.138.93
203,Marietta,Klemz,mklemz5m@vimeo.com,Female,52.105.122.108
204,Nial,Tibb,ntibb5n@ucoz.com,Male,204.44.51.14
205,Minerva,Dowears,mdowears5o@kickstarter.com,Female,141.67.0.156
206,Lena,Tame,ltame5p@constantcontact.com,Female,5.207.85.197
207,Rebe,Giacomuzzi,rgiacomuzzi5q@homestead.com,Female,212.254.251.41
208,Clari,Feaveryear,cfeaveryear5r@scientificamerican.com,Female,137.158.113.218
209,Sharia,Tillard,stillard5s@scientificamerican.com,Female,74.53.41.149
210,Mandel,Finnemore,mfinnemore5t@cocolog-nifty.com,Male,123.139.28.67
211,Gal,Mor,gmor5u@spiegel.de,Male,207.188.218.153
212,Enoch,Brockest,ebrockest5v@cdc.gov,Male,138.27.35.236
213,Merell,Izkovicz,mizkovicz5w@npr.org,Male,19.72.228.158
214,Dewey,Knatt,dknatt5x@cdbaby.com,Male,38.116.24.65
215,Devlin,Bricksey,dbricksey5y@i2i.jp,Male,204.228.251.244
216,Teodorico,Dionisii,tdionisii5z@hc360.com,Male,84.108.143.219
217,Hogan,Cuncliffe,hcuncliffe60@sogou.com,Male,115.253.169.24
218,Belinda,Conkay,bconkay61@sohu.com,Female,205.107.210.3
219,Carmel,Darcey,cdarcey62@vk.com,Female,133.160.170.248
220,Marketa,Fynan,mfynan63@mashable.com,Female,43.135.4.220
221,Sawyer,Jeskin,sjeskin64@reuters.com,Male,247.120.3.47
222,Deni,Ascough,dascough65@xinhuanet.com,Female,87.125.191.176
223,Ebony,Sauter,esauter66@prweb.com,Female,143.21.163.219
224,Langston,Puzey,lpuzey67@mashable.com,Male,90.143.253.140
225,Eustace,Camelia,ecamelia68@google.nl,Male,197.23.11.150
226,Lianne,McGinnis,lmcginnis69@geocities.jp,Female,121.19.22.212
227,Delbert,Sinclaire,dsinclaire6a@artisteer.com,Male,160.191.0.143
228,Fowler,Spillett,fspillett6b@noaa.gov,Male,254.199.7.38
229,Carr,Sharma,csharma6c@usnews.com,Male,138.186.53.143
230,Annabel,McGroarty,amcgroarty6d@hexun.com,Female,36.159.53.125
231,Leela,Derl,lderl6e@com.com,Female,155.67.96.16
232,Joly,Humblestone,jhumblestone6f@is.gd,Female,204.94.20.159
233,Kenyon,Extance,kextance6g@slashdot.org,Male,231.169.255.206
234,Nerissa,Morland,nmorland6h@ycombinator.com,Female,64.106.155.151
235,Jada,Philps,jphilps6i@lycos.com,Female,171.0.33.130
236,Rock,McConnachie,rmcconnachie6j@woothemes.com,Male,211.229.176.112
237,Virginie,Sturge,vsturge6k@shop-pro.jp,Female,129.94.78.187
238,Guss,Beardshaw,gbeardshaw6l@walmart.com,Male,159.24.248.148
239,Wain,Tennewell,wtennewell6m@icio.us,Male,221.57.83.181
240,Xaviera,Pickhaver,xpickhaver6n@bizjournals.com,Female,65.101.90.110
241,Llywellyn,Shave,lshave6o@wikispaces.com,Male,244.125.94.42
242,Eydie,Keavy,ekeavy6p@constantcontact.com,Female,54.239.143.177
243,Fredia,Grzegorzewski,fgrzegorzewski6q@mapy.cz,Female,126.69.202.170
244,Lenna,Lundberg,llundberg6r@weebly.com,Female,235.126.32.74
245,Erastus,Garnul,egarnul6s@seesaa.net,Male,53.1.19.150
246,Corbett,Windrus,cwindrus6t@qq.com,Male,86.85.92.8
247,Reynolds,Anneslie,ranneslie6u@csmonitor.com,Male,201.218.251.108
248,Gloria,Rishworth,grishworth6v@hugedomains.com,Female,127.229.203.60
249,Jesselyn,Branca,jbranca6w@ifeng.com,Female,123.189.157.215
250,Nicky,Smeeth,nsmeeth6x@smh.com.au,Female,202.55.224.12
251,Quincy,Durling,qdurling6y@dropbox.com,Male,251.219.148.100
252,Merralee,Orris,morris6z@huffingtonpost.com,Female,110.59.123.222
253,Karee,Persitt,kpersitt70@cam.ac.uk,Female,135.169.21.72
254,Nichols,Catmull,ncatmull71@google.nl,Male,98.248.19.32
255,Regina,Biermatowicz,rbiermatowicz72@is.gd,Female,99.134.18.248
256,Moore,Alison,malison73@nytimes.com,Male,245.192.182.143
257,Ichabod,Oxlee,ioxlee74@pcworld.com,Male,40.87.217.57
258,Jamey,Garaway,jgaraway75@photobucket.com,Male,195.12.250.241
259,Caty,Filoniere,cfiloniere76@phpbb.com,Female,56.99.81.208
260,Ives,Oriel,ioriel77@cyberchimps.com,Male,148.105.115.65
261,Bobby,Denisard,bdenisard78@studiopress.com,Male,66.142.5.147
262,Angelita,Mabbot,amabbot79@nhs.uk,Female,195.188.128.25
263,Syman,Dallon,sdallon7a@hhs.gov,Male,242.196.18.9
264,Ealasaid,Gisburn,egisburn7b@cdbaby.com,Female,42.1.175.26
265,Hagen,Gytesham,hgytesham7c@gnu.org,Male,157.159.135.169
266,Tanney,Groundwater,tgroundwater7d@networkadvertising.org,Male,230.194.147.88
267,Ruprecht,Sinfield,rsinfield7e@ask.com,Male,149.213.195.219
268,Charles,Fardo,cfardo7f@topsy.com,Male,35.97.57.79
269,Albertina,Shakelade,ashakelade7g@amazonaws.com,Female,239.61.211.191
270,Jason,Petrushka,jpetrushka7h@mysql.com,Male,181.208.56.222
271,Valeda,Jouhan,vjouhan7i@walmart.com,Female,249.181.121.170
272,Octavius,Trounce,otrounce7j@ebay.co.uk,Male,204.98.142.6
273,Rourke,Hopfner,rhopfner7k@hc360.com,Male,36.153.184.8
274,Willow,Yaus,wyaus7l@census.gov,Female,53.147.132.52
275,Sigismund,Sacaze,ssacaze7m@weebly.com,Male,111.247.138.88
276,Parsifal,Jollye,pjollye7n@netvibes.com,Male,47.3.219.203
277,Gerhardt,Ramsier,gramsier7o@weebly.com,Male,73.228.52.66
278,Lilyan,Hulk,lhulk7p@dropbox.com,Female,81.72.81.56
279,Debi,Daddow,ddaddow7q@imageshack.us,Female,32.155.211.92
280,Gibbie,Entissle,gentissle7r@wordpress.org,Male,156.216.79.32
281,Lindsay,Croot,lcroot7s@clickbank.net,Female,144.45.190.181
282,Dane,Santacrole,dsantacrole7t@360.cn,Male,75.104.197.155
283,Ole,Raymont,oraymont7u@wix.com,Male,245.210.29.98
284,Frank,Zeal,fzeal7v@latimes.com,Male,41.131.179.113
285,Frasco,Georgiades,fgeorgiades7w@unblog.fr,Male,0.9.87.91
286,Drusy,MacCurley,dmaccurley7x@nature.com,Female,111.169.58.103
287,Ogden,Toope,otoope7y@amazonaws.com,Male,80.155.169.87
288,Marleen,Marvel,mmarvel7z@delicious.com,Female,242.151.62.217
289,Hewe,Gatecliff,hgatecliff80@meetup.com,Male,80.251.182.76
290,Gretel,Camblin,gcamblin81@over-blog.com,Female,186.168.189.71
291,Garey,Whetson,gwhetson82@comcast.net,Male,221.34.66.225
292,Kevyn,Maciaszczyk,kmaciaszczyk83@so-net.ne.jp,Female,221.93.64.247
293,Earl,Featley,efeatley84@ted.com,Male,241.239.97.117
294,Ravi,Seeman,rseeman85@soundcloud.com,Male,202.29.19.58
295,Adoree,Arbuckle,aarbuckle86@dagondesign.com,Female,91.156.133.167
296,Caroljean,Roney,croney87@stumbleupon.com,Female,102.89.227.199
297,Cross,Goldspink,cgoldspink88@tinypic.com,Male,104.98.239.94
298,Farlie,Mucillo,fmucillo89@shop-pro.jp,Male,54.208.133.137
299,Gearard,Cornes,gcornes8a@umich.edu,Male,154.58.72.120
300,Arnold,Yarrow,ayarrow8b@google.ru,Male,130.49.201.56
301,Hakim,Buxsey,hbuxsey8c@tinyurl.com,Male,74.49.146.244
302,Giusto,Hopewell,ghopewell8d@purevolume.com,Male,160.202.67.109
303,Matt,Thirsk,mthirsk8e@t.co,Male,14.215.137.39
304,Dougie,Chretien,dchretien8f@google.com.au,Male,192.227.159.110
305,Dillon,Millard,dmillard8g@wired.com,Male,164.238.195.129
306,Haskell,Winchurst,hwinchurst8h@disqus.com,Male,68.114.233.67
307,Garnet,Stidston,gstidston8i@webeden.co.uk,Female,249.10.4.84
308,Juditha,Presslie,jpresslie8j@nsw.gov.au,Female,232.226.142.176
309,Sergent,Earry,searry8k@cbsnews.com,Male,158.76.72.74
310,Teriann,Bottjer,tbottjer8l@skype.com,Female,197.194.190.159
311,Dunstan,Woolsey,dwoolsey8m@cbsnews.com,Male,133.30.188.227
312,Christoper,Zamorano,czamorano8n@e-recht24.de,Male,131.57.63.194
313,Travis,Heikkinen,theikkinen8o@aol.com,Male,116.87.187.63
314,Pepito,Erb,perb8p@ibm.com,Male,248.60.54.11
315,Manon,Woodburn,mwoodburn8q@cisco.com,Female,189.23.249.172
316,Troy,Twede,ttwede8r@weebly.com,Male,192.130.52.159
317,Sandor,Glading,sglading8s@disqus.com,Male,249.26.236.199
318,Coleman,Bigglestone,cbigglestone8t@artisteer.com,Male,78.131.41.102
319,Winnah,Oldford,woldford8u@forbes.com,Female,250.183.11.32
320,Tanney,Baulk,tbaulk8v@trellian.com,Male,18.24.211.57
321,Berny,Corhard,bcorhard8w@telegraph.co.uk,Female,229.58.181.111
322,Ray,Bertin,rbertin8x@salon.com,Male,98.35.159.70
323,Nicky,Duffet,nduffet8y@bloglines.com,Female,85.153.181.121
324,Dolley,Taffee,dtaffee8z@godaddy.com,Female,8.157.254.105
325,Andros,Kenen,akenen90@discuz.net,Male,23.170.196.37
326,Delmore,Simnel,dsimnel91@chicagotribune.com,Male,2.74.162.9
327,Erastus,Pittet,epittet92@nih.gov,Male,35.76.84.70
328,Kacey,Life,klife93@sakura.ne.jp,Female,11.164.158.56
329,Darnall,Tollfree,dtollfree94@issuu.com,Male,197.52.13.196
330,Tiffanie,Edlyn,tedlyn95@miibeian.gov.cn,Female,9.167.141.120
331,Danna,Gregory,dgregory96@businessweek.com,Female,225.165.148.18
332,Chase,Girke,cgirke97@wikimedia.org,Male,214.18.63.15
333,Marc,Schwerin,mschwerin98@alexa.com,Male,164.230.244.130
334,Peria,Hof,phof99@discuz.net,Female,127.246.171.78
335,Brita,Meadowcraft,bmeadowcraft9a@uol.com.br,Female,68.27.140.238
336,Dulcie,Junes,djunes9b@arizona.edu,Female,172.142.222.145
337,Nancy,Leal,nleal9c@irs.gov,Female,164.222.216.152
338,Yvor,Ricardon,yricardon9d@fc2.com,Male,90.2.143.161
339,Rip,Lawey,rlawey9e@hostgator.com,Male,43.10.222.23
340,Germaine,Marginson,gmarginson9f@goo.gl,Male,222.23.111.126
341,Lucienne,Storey,lstorey9g@vk.com,Female,111.48.3.198
342,Jessa,Barlie,jbarlie9h@slideshare.net,Female,104.88.253.87
343,Noreen,Petricek,npetricek9i@trellian.com,Female,103.255.131.65
344,Garv,Boxhill,gboxhill9j@jugem.jp,Male,28.179.42.167
345,Huberto,Stoney,hstoney9k@army.mil,Male,11.75.129.56
346,Ethelda,Mervyn,emervyn9l@forbes.com,Female,49.230.168.150
347,Heda,Oles,holes9m@vimeo.com,Female,101.144.219.172
348,Thane,McAw,tmcaw9n@examiner.com,Male,14.112.14.82
349,Witty,Coneybeer,wconeybeer9o@tinypic.com,Male,21.177.8.203
350,Lauren,Tremberth,ltremberth9p@wsj.com,Female,3.73.18.175
351,Aldo,Sesons,asesons9q@nhs.uk,Male,142.63.187.241
352,Henri,Jupe,hjupe9r@craigslist.org,Male,234.198.192.229
353,Kahaleel,Chupin,kchupin9s@friendfeed.com,Male,131.60.203.230
354,Maude,Linstead,mlinstead9t@examiner.com,Female,45.124.13.122
355,Pierrette,Sinderland,psinderland9u@va.gov,Female,26.90.85.186
356,Godfrey,MacCaghan,gmaccaghan9v@uol.com.br,Male,113.134.87.48
357,Bettine,Wallage,bwallage9w@miibeian.gov.cn,Female,37.207.252.183
358,Antonino,Backson,abackson9x@usda.gov,Male,221.73.233.160
359,Frankie,Gaitung,fgaitung9y@ucoz.ru,Male,212.176.221.245
360,Barnabe,Sowten,bsowten9z@un.org,Male,47.78.4.76
361,Doe,Redsull,dredsulla0@mit.edu,Female,214.224.74.217
362,Desmund,Lamminam,dlamminama1@dyndns.org,Male,188.46.82.118
363,Lauri,Ditchfield,lditchfielda2@ibm.com,Female,31.147.99.76
364,Magdalen,Lempel,mlempela3@cnbc.com,Female,106.230.161.94
365,Leicester,Monnery,lmonnerya4@joomla.org,Male,169.217.194.247
366,Adeline,Sex,asexa5@xinhuanet.com,Female,48.35.186.180
367,Kylila,Teas,kteasa6@themeforest.net,Female,81.142.189.71
368,Barthel,Stevenson,bstevensona7@dell.com,Male,90.207.173.249
369,Ardeen,Mattedi,amattedia8@cafepress.com,Female,129.149.183.65
370,Nessie,Buttriss,nbuttrissa9@virginia.edu,Female,255.24.168.200
371,Quintin,Skeech,qskeechaa@hp.com,Male,250.142.79.70
372,Artemus,Tregidga,atregidgaab@zimbio.com,Male,126.20.191.163
373,Waylin,Sprason,wsprasonac@tuttocitta.it,Male,175.74.130.196
374,Phil,McCree,pmccreead@imdb.com,Female,95.184.239.160
375,Cordy,McCurtain,cmccurtainae@comsenz.com,Female,125.140.180.199
376,Frasquito,Moscrop,fmoscropaf@shareasale.com,Male,14.236.190.56
377,Ignacio,Brotheridge,ibrotheridgeag@latimes.com,Male,215.90.245.114
378,Gina,Lambarton,glambartonah@google.cn,Female,178.18.113.100
379,Baudoin,Annies,banniesai@un.org,Male,59.68.176.88
380,Theresina,Popov,tpopovaj@state.gov,Female,148.160.95.119
381,Blaire,Abbey,babbeyak@flickr.com,Female,63.193.44.195
382,Ario,Antonognoli,aantonognolial@webs.com,Male,14.96.180.0
383,Blinnie,Burrows,bburrowsam@imageshack.us,Female,34.104.98.67
384,Nathanil,Stigers,nstigersan@rambler.ru,Male,0.187.198.37
385,Diena,Geekie,dgeekieao@blogtalkradio.com,Female,171.186.57.242
386,Jerry,Sherrin,jsherrinap@sciencedirect.com,Female,133.213.254.89
387,Jobina,Condell,jcondellaq@sourceforge.net,Female,224.96.9.82
388,Web,Spurdens,wspurdensar@scribd.com,Male,175.224.11.189
389,Godfree,Gouly,ggoulyas@scribd.com,Male,228.42.149.87
390,Brucie,Dows,bdowsat@dmoz.org,Male,212.198.5.250
391,Rosaleen,Schnieder,rschniederau@engadget.com,Female,230.76.234.82
392,Eugenio,Yakunkin,eyakunkinav@slashdot.org,Male,211.10.122.79
393,Dulciana,Sorensen,dsorensenaw@china.com.cn,Female,73.51.102.100
394,Janean,Emmer,jemmerax@go.com,Female,237.45.102.38
395,Ruthann,Flieg,rfliegay@usnews.com,Female,76.157.197.81
396,Ginger,Wethered,gwetheredaz@artisteer.com,Male,178.81.193.138
397,Torey,Tejero,ttejerob0@adobe.com,Male,118.232.16.166
398,Anatollo,Tremathick,atremathickb1@slashdot.org,Male,37.118.125.186
399,Lewie,Ceaser,lceaserb2@tamu.edu,Male,230.72.232.54
400,Tracie,Tackett,ttackettb3@godaddy.com,Male,214.107.138.25
401,Cirillo,Tooting,ctootingb4@shinystat.com,Male,36.175.92.130
402,Norton,Rude,nrudeb5@histats.com,Male,159.130.140.252
403,Krishna,Kinnoch,kkinnochb6@uol.com.br,Male,172.44.69.194
404,Richmond,Ronci,rroncib7@slate.com,Male,98.244.29.187
405,Gabie,Wanek,gwanekb8@imdb.com,Female,95.5.173.150
406,Addie,Barensky,abarenskyb9@hhs.gov,Female,126.43.242.228
407,Sarina,Gilardone,sgilardoneba@uiuc.edu,Female,226.116.188.138
408,Manny,Lardier,mlardierbb@myspace.com,Male,119.121.1.189
409,Brenna,Iacovone,biacovonebc@constantcontact.com,Female,182.28.175.72
410,Brannon,Kingdon,bkingdonbd@shareasale.com,Male,216.170.80.200
411,Granthem,Larway,glarwaybe@scribd.com,Male,14.174.200.105
412,Verina,Need,vneedbf@github.com,Female,155.175.3.122
413,Colas,Biesterfeld,cbiesterfeldbg@go.com,Male,97.225.130.154
414,Gladi,Bowkley,gbowkleybh@cocolog-nifty.com,Female,240.44.89.224
415,Lexine,Bleything,lbleythingbi@technorati.com,Female,13.250.73.171
416,Rosemaria,Kos,rkosbj@businessinsider.com,Female,61.71.180.23
417,Kennie,Partridge,kpartridgebk@illinois.edu,Male,130.101.2.248
418,Gizela,Stede,gstedebl@ucsd.edu,Female,195.152.169.55
419,Edik,Paradyce,eparadycebm@wiley.com,Male,239.92.3.186
420,Pearline,Ernshaw,pernshawbn@fda.gov,Female,255.5.86.16
421,Adrea,Rothchild,arothchildbo@meetup.com,Female,169.166.148.199
422,Anabelle,Heindrich,aheindrichbp@parallels.com,Female,4.225.217.176
423,Zia,MacGow,zmacgowbq@state.gov,Female,78.105.68.172
424,Danni,Stapford,dstapfordbr@earthlink.net,Female,92.115.168.84
425,Ephrayim,Lum,elumbs@washingtonpost.com,Male,113.12.76.182
426,Gnni,Linfoot,glinfootbt@com.com,Female,23.43.158.26
427,Adriano,Reilinger,areilingerbu@samsung.com,Male,41.132.224.26
428,Cobbie,Soars,csoarsbv@symantec.com,Male,158.56.174.237
429,Hadrian,Dunkley,hdunkleybw@unc.edu,Male,255.231.99.37
430,Mervin,Slimme,mslimmebx@nydailynews.com,Male,171.198.46.174
431,Danya,Ragg,draggby@foxnews.com,Female,209.55.65.154
432,Edee,Dodding,edoddingbz@theglobeandmail.com,Female,93.115.75.174
433,Felike,Frackiewicz,ffrackiewiczc0@facebook.com,Male,128.60.36.87
434,Rica,Pettegree,rpettegreec1@friendfeed.com,Female,203.169.36.210
435,Fania,Rodge,frodgec2@liveinternet.ru,Female,169.176.4.181
436,Othilia,Crudginton,ocrudgintonc3@slashdot.org,Female,243.59.25.180
437,Sidonia,Maxwell,smaxwellc4@wix.com,Female,171.131.129.144
438,Augustina,Poznanski,apoznanskic5@loc.gov,Female,242.77.25.140
439,Archaimbaud,Kuhl,akuhlc6@vistaprint.com,Male,105.44.165.251
440,Mac,Sawell,msawellc7@comsenz.com,Male,226.83.69.104
441,Norbert,Forrestall,nforrestallc8@berkeley.edu,Male,118.190.81.160
442,Alleyn,Gages,agagesc9@ft.com,Male,17.186.160.120
443,Aeriel,Polglaze,apolglazeca@loc.gov,Female,204.205.124.55
444,Matthias,Louder,mloudercb@netscape.com,Male,148.74.141.106
445,Lila,Mease,lmeasecc@accuweather.com,Female,50.87.79.246
446,Joshia,Greenside,jgreensidecd@youtube.com,Male,39.182.93.30
447,Loree,Doreward,ldorewardce@reference.com,Female,5.194.21.21
448,Alfreda,Glossup,aglossupcf@house.gov,Female,175.122.183.74
449,Diego,Suddell,dsuddellcg@usnews.com,Male,74.93.43.175
450,Lauryn,Milbank,lmilbankch@devhub.com,Female,155.73.84.40
451,Marion,Pellew,mpellewci@fda.gov,Female,5.252.40.210
452,Carlo,Thombleson,cthomblesoncj@webmd.com,Male,86.194.77.47
453,Marni,Francois,mfrancoisck@usgs.gov,Female,61.63.82.5
454,Craggie,Le feaver,clefeavercl@issuu.com,Male,160.194.70.195
455,Humphrey,Van der Hoven,hvanderhovencm@nsw.gov.au,Male,221.186.66.83
456,Tilda,Bonn,tbonncn@geocities.jp,Female,109.45.80.90
457,Geoffry,Rohlfs,grohlfsco@disqus.com,Male,145.213.98.154
458,Janine,Mattecot,jmattecotcp@newyorker.com,Female,45.202.212.98
459,Pincus,De Courtney,pdecourtneycq@about.com,Male,176.51.67.174
460,Rowe,Willmore,rwillmorecr@taobao.com,Female,188.81.119.19
461,Dom,Kremer,dkremercs@geocities.jp,Male,162.142.229.119
462,Taddeo,Shrimptone,tshrimptonect@discuz.net,Male,59.123.231.130
463,Benoit,Marklund,bmarklundcu@google.pl,Male,58.230.122.40
464,Lawry,Barrim,lbarrimcv@dailymail.co.uk,Male,246.94.65.165
465,Eunice,Feeney,efeeneycw@phoca.cz,Female,226.80.198.188
466,Mackenzie,Edmondson,medmondsoncx@google.fr,Male,48.238.58.150
467,Nick,Piperley,npiperleycy@taobao.com,Male,125.158.172.93
468,Goddard,Splevin,gsplevincz@about.me,Male,141.17.71.233
469,Jeramey,Wauchope,jwauchoped0@intel.com,Male,60.180.131.217
470,Antone,Boatright,aboatrightd1@sina.com.cn,Male,186.247.41.178
471,Rockwell,Chalke,rchalked2@altervista.org,Male,186.159.203.28
472,Elysia,Lodewick,elodewickd3@networkadvertising.org,Female,82.196.238.76
473,Ferdy,Barlace,fbarlaced4@uol.com.br,Male,197.183.67.190
474,Lemuel,Arlott,larlottd5@disqus.com,Male,163.118.135.167
475,Russ,Qualtrough,rqualtroughd6@paypal.com,Male,207.177.108.49
476,Corabelle,Teers,cteersd7@unesco.org,Female,110.58.250.143
477,Melony,Grayson,mgraysond8@fotki.com,Female,182.98.104.62
478,Lyndell,Gracey,lgraceyd9@dropbox.com,Female,67.201.159.237
479,Ezequiel,Polino,epolinoda@elegantthemes.com,Male,72.78.7.212
480,Brandy,Cheeseman,bcheesemandb@chronoengine.com,Male,132.132.185.90
481,Eugenio,Pablo,epablodc@cam.ac.uk,Male,134.120.95.94
482,Tedman,Weagener,tweagenerdd@nsw.gov.au,Male,75.238.129.162
483,Hildy,Bragger,hbraggerde@about.me,Female,76.7.161.49
484,Mikel,Abelwhite,mabelwhitedf@narod.ru,Male,205.157.38.251
485,Joya,Ethridge,jethridgedg@ow.ly,Female,132.38.117.24
486,Arv,Lafee,alafeedh@foxnews.com,Male,236.79.109.141
487,Niki,Popland,npoplanddi@gov.uk,Female,76.168.112.201
488,Kelcie,Esby,kesbydj@census.gov,Female,43.78.28.239
489,Mitch,O'Grogane,mogroganedk@nsw.gov.au,Male,254.175.199.3
490,Bobbe,Pennell,bpennelldl@irs.gov,Female,231.207.105.171
491,Dougy,Fassan,dfassandm@wunderground.com,Male,43.110.176.234
492,Inge,Westhofer,iwesthoferdn@tumblr.com,Female,75.154.126.43
493,Darnell,Izard,dizarddo@prlog.org,Male,107.208.12.149
494,Kippie,Yusupov,kyusupovdp@friendfeed.com,Male,76.191.154.28
495,Rourke,Lobe,rlobedq@unicef.org,Male,43.239.160.155
496,Anderson,Brennans,abrennansdr@narod.ru,Male,128.45.70.59
497,Elena,Iiannone,eiiannoneds@vistaprint.com,Female,132.201.190.30
498,Aubry,Giraudy,agiraudydt@soup.io,Female,128.193.66.47
499,Mata,Tewkesberry,mtewkesberrydu@plala.or.jp,Male,237.101.232.182
500,Gerry,Greystoke,ggreystokedv@jigsy.com,Male,87.22.37.149
501,Karlee,Attac,kattacdw@prnewswire.com,Female,189.60.38.203
502,Lisette,Doucette,ldoucettedx@utexas.edu,Female,180.24.166.192
503,Salli,Giorgietto,sgiorgiettody@ehow.com,Female,231.248.28.240
504,May,Baxstar,mbaxstardz@apple.com,Female,95.222.138.105
505,Justin,Raveau,jraveaue0@prlog.org,Male,90.68.63.172
506,Durand,Hubble,dhubblee1@dion.ne.jp,Male,49.117.53.162
507,Nicola,Pogg,npogge2@indiegogo.com,Male,202.225.53.191
508,Arv,Slott,aslotte3@last.fm,Male,129.7.179.68
509,Laural,Sandom,lsandome4@dailymail.co.uk,Female,61.233.152.54
510,Shoshana,Crofts,scroftse5@hc360.com,Female,97.66.179.100
511,Arvie,Giffard,agiffarde6@google.ru,Male,115.52.54.219
512,Arlyn,Flisher,aflishere7@mozilla.com,Female,98.237.141.21
513,Cthrine,Veltmann,cveltmanne8@intel.com,Female,208.109.111.123
514,Alexei,Barcke,abarckee9@bloglines.com,Male,240.77.180.132
515,Dyanna,Lermouth,dlermouthea@amazonaws.com,Female,25.254.229.181
516,Francklin,Gillion,fgillioneb@dailymotion.com,Male,2.148.55.85
517,Rosanna,Rantoul,rrantoulec@who.int,Female,122.8.96.36
518,Herta,Kerford,hkerforded@epa.gov,Female,77.9.86.34
519,Hendrick,Spearing,hspearingee@wisc.edu,Male,86.166.83.106
520,Addison,Kleen,akleenef@booking.com,Male,71.126.18.242
521,Lotti,Casaccia,lcasacciaeg@fema.gov,Female,41.31.152.111
522,Isa,Longstreet,ilongstreeteh@qq.com,Male,122.181.4.220
523,Xenos,Claypool,xclaypoolei@microsoft.com,Male,199.73.168.220
524,Marilyn,Coldham,mcoldhamej@chron.com,Female,170.191.6.63
525,Renate,Marzelo,rmarzeloek@google.com,Female,154.162.143.51
526,Zollie,Headington,zheadingtonel@livejournal.com,Male,78.215.15.81
527,Marita,Gelardi,mgelardiem@google.com.au,Female,107.248.171.161
528,Ikey,MacConnel,imacconnelen@ask.com,Male,151.223.109.65
529,Hussein,Wakeling,hwakelingeo@cafepress.com,Male,152.105.47.122
530,Marshall,Crosgrove,mcrosgroveep@oakley.com,Male,89.103.75.203
531,Booth,Pavyer,bpavyereq@wikipedia.org,Male,245.115.96.130
532,Gayel,Mawd,gmawder@flavors.me,Female,102.41.42.2
533,Linda,Yeskov,lyeskoves@merriam-webster.com,Female,59.72.127.36
534,Neale,Nutbeem,nnutbeemet@google.co.jp,Male,76.113.198.182
535,Bellanca,Gard,bgardeu@github.com,Female,105.147.56.58
536,Devlin,Bellanger,dbellangerev@umich.edu,Male,82.24.131.65
537,Hubert,Burg,hburgew@cbslocal.com,Male,124.11.13.133
538,Ula,Locker,ulockerex@blogspot.com,Female,41.13.127.167
539,Robinetta,Forshaw,rforshawey@privacy.gov.au,Female,82.134.169.177
540,Ashli,Elland,aellandez@earthlink.net,Female,236.78.156.223
541,Yasmeen,Beed,ybeedf0@nih.gov,Female,147.31.52.9
542,Gray,Tuxill,gtuxillf1@cnbc.com,Male,180.136.16.247
543,Dallon,Monteith,dmonteithf2@usa.gov,Male,176.179.127.123
544,Mendel,Szapiro,mszapirof3@homestead.com,Male,28.20.49.206
545,Zenia,Totaro,ztotarof4@discuz.net,Female,138.128.177.209
546,Yardley,McFadden,ymcfaddenf5@parallels.com,Male,70.184.193.30
547,Kean,Hurlin,khurlinf6@php.net,Male,28.114.173.22
548,Em,Trundell,etrundellf7@fc2.com,Male,253.226.254.189
549,Murry,Dewing,mdewingf8@godaddy.com,Male,172.192.11.9
550,Reginauld,Landrick,rlandrickf9@zimbio.com,Male,188.164.17.184
551,Darrel,Halleybone,dhalleybonefa@reddit.com,Male,203.9.59.76
552,Jarred,Formigli,jformiglifb@businessweek.com,Male,5.194.63.64
553,Franciska,Goodrum,fgoodrumfc@t.co,Female,167.231.58.45
554,Natty,Larmuth,nlarmuthfd@howstuffworks.com,Male,2.239.201.127
555,Marius,Kleinstern,mkleinsternfe@bizjournals.com,Male,113.4.172.93
556,Lark,Sisneros,lsisnerosff@discovery.com,Female,62.110.151.76
557,Osgood,Stayt,ostaytfg@upenn.edu,Male,232.160.90.138
558,Terri,Decayette,tdecayettefh@goo.gl,Male,125.164.177.217
559,Doloritas,Garbutt,dgarbuttfi@who.int,Female,123.240.47.28
560,Ilyssa,Mence,imencefj@biglobe.ne.jp,Female,70.40.148.13
561,Gerek,Crutchfield,gcrutchfieldfk@google.com.br,Male,112.15.161.40
562,Douglas,Tatem,dtatemfl@chicagotribune.com,Male,70.202.219.185
563,Wynn,Janz,wjanzfm@sohu.com,Male,85.34.205.105
564,Aleece,Yanov,ayanovfn@biblegateway.com,Female,28.86.155.162
565,Royce,Baskerfield,rbaskerfieldfo@businessweek.com,Male,17.216.98.35
566,Clevie,Sottell,csottellfp@bizjournals.com,Male,7.67.144.218
567,Cher,Patinkin,cpatinkinfq@google.com.br,Female,50.43.128.184
568,Marley,Messom,mmessomfr@examiner.com,Female,133.225.107.125
569,Shanan,Elner,selnerfs@amazon.com,Male,20.249.193.117
570,Janela,Bande,jbandeft@ucoz.com,Female,240.35.253.198
571,Liana,Bewfield,lbewfieldfu@github.com,Female,52.24.99.54
572,Glenn,Brierly,gbrierlyfv@sitemeter.com,Female,53.163.104.77
573,Harley,Point,hpointfw@amazon.co.jp,Male,126.102.4.42
574,Milissent,Fontanet,mfontanetfx@xing.com,Female,245.238.253.143
575,Deane,MacCardle,dmaccardlefy@goo.ne.jp,Male,33.38.207.217
576,Melonie,Espinay,mespinayfz@senate.gov,Female,129.238.170.87
577,Cherilynn,Gaven,cgaveng0@dell.com,Female,44.49.68.25
578,Mendel,Thring,mthringg1@nature.com,Male,28.87.202.242
579,Saw,Shepherdson,sshepherdsong2@canalblog.com,Male,131.60.183.114
580,Moria,Bennen,mbenneng3@china.com.cn,Female,90.85.120.173
581,Margaretha,Duncan,mduncang4@arstechnica.com,Female,214.109.208.192
582,Gates,Eldridge,geldridgeg5@alibaba.com,Female,34.31.236.108
583,Cristen,Jaquin,cjaquing6@ebay.com,Female,149.230.67.112
584,Harry,Hatherleigh,hhatherleighg7@reddit.com,Male,97.120.146.25
585,Darci,Croshaw,dcroshawg8@altervista.org,Female,13.239.34.149
586,Modesty,Yashin,myashing9@va.gov,Female,39.222.22.108
587,Andrei,Whittet,awhittetga@parallels.com,Female,249.152.49.131
588,Misti,Rugge,mruggegb@pen.io,Female,128.240.156.3
589,Frank,Eyer,feyergc@angelfire.com,Male,155.75.90.67
590,Theressa,Varndall,tvarndallgd@elegantthemes.com,Female,167.156.195.97
591,Carmina,Breach,cbreachge@telegraph.co.uk,Female,209.107.16.9
592,Dewain,Stancliffe,dstancliffegf@zdnet.com,Male,109.136.162.119
593,Tyrus,McGeagh,tmcgeaghgg@yale.edu,Male,34.10.173.205
594,Cosmo,Baumber,cbaumbergh@forbes.com,Male,15.62.99.197
595,Roanne,Engelbrecht,rengelbrechtgi@yellowbook.com,Female,168.148.24.4
596,Pat,Gherardini,pgherardinigj@go.com,Female,201.75.100.207
597,Judi,Dimond,jdimondgk@state.tx.us,Female,13.50.126.138
598,Shayne,Godridge,sgodridgegl@taobao.com,Female,46.150.166.129
599,Jamesy,Lismore,jlismoregm@parallels.com,Male,176.8.209.67
600,Meryl,Bertson,mbertsongn@amazon.co.jp,Male,115.22.230.62
601,Noreen,Donaghie,ndonaghiego@cbslocal.com,Female,124.120.104.177
602,Jacinta,Keighly,jkeighlygp@desdev.cn,Female,189.111.143.162
603,Kippie,Hebburn,khebburngq@statcounter.com,Female,248.126.38.199
604,Fan,Yanne,fyannegr@slideshare.net,Female,118.48.215.64
605,Westley,Killcross,wkillcrossgs@ow.ly,Male,35.67.122.34
606,Harlie,McCutcheon,hmccutcheongt@multiply.com,Female,78.58.225.184
607,Dunstan,Peschke,dpeschkegu@aol.com,Male,167.209.78.67
608,Tarah,Elsegood,telsegoodgv@free.fr,Female,69.77.123.194
609,Erroll,Deners,edenersgw@uiuc.edu,Male,181.140.140.101
610,Liva,Sharpus,lsharpusgx@microsoft.com,Female,67.137.107.102
611,Camala,Janiszewski,cjaniszewskigy@skype.com,Female,99.115.26.124
612,Kearney,Nayer,knayergz@npr.org,Male,214.161.205.177
613,Ellerey,Bunning,ebunningh0@t-online.de,Male,34.245.200.21
614,Zahara,Stoite,zstoiteh1@blogspot.com,Female,147.197.3.26
615,Luisa,Labarre,llabarreh2@sciencedaily.com,Female,69.203.204.217
616,Howey,Arnopp,harnopph3@jimdo.com,Male,229.143.242.121
617,Penn,Pigrome,ppigromeh4@yahoo.com,Male,66.88.25.81
618,Ignatius,MacCrossan,imaccrossanh5@hubpages.com,Male,90.1.53.106
619,Winnifred,Anyene,wanyeneh6@rambler.ru,Female,193.70.42.214
620,Camala,Goodday,cgooddayh7@wikia.com,Female,225.68.82.201
621,Blondelle,Abernethy,babernethyh8@usnews.com,Female,16.32.147.236
622,Zonda,Peniello,zpenielloh9@geocities.com,Female,44.161.194.200
623,Arda,Dyet,adyetha@etsy.com,Female,223.91.108.86
624,Genia,McCarlie,gmccarliehb@flickr.com,Female,22.191.35.222
625,Ebba,Gillbanks,egillbankshc@wikimedia.org,Female,124.68.92.181
626,Domenic,Kirkbright,dkirkbrighthd@woothemes.com,Male,97.49.137.75
627,Renata,Helwig,rhelwighe@flavors.me,Female,92.59.67.50
628,Kenny,Slinger,kslingerhf@google.de,Male,94.170.129.233
629,Dolorita,De Angelis,ddeangelishg@springer.com,Female,213.186.16.16
630,Yetty,Freeland,yfreelandhh@parallels.com,Female,131.121.29.243
631,Flem,Richie,frichiehi@angelfire.com,Male,132.165.128.176
632,Barbey,Axtell,baxtellhj@thetimes.co.uk,Female,68.217.244.116
633,Glenn,Frensch,gfrenschhk@e-recht24.de,Female,87.238.216.66
634,Briant,Lackney,blackneyhl@ox.ac.uk,Male,118.60.9.31
635,Galen,Crichmer,gcrichmerhm@mit.edu,Male,98.13.143.252
636,Virge,Grahlman,vgrahlmanhn@technorati.com,Male,116.39.86.78
637,Joshuah,Schrader,jschraderho@twitter.com,Male,104.70.26.24
638,Gordie,Crawshaw,gcrawshawhp@sourceforge.net,Male,112.54.86.158
639,Marshal,Williment,mwillimenthq@indiatimes.com,Male,219.175.194.174
640,Filbert,Wilsone,fwilsonehr@w3.org,Male,208.52.92.158
641,Crin,Wilkowski,cwilkowskihs@naver.com,Female,222.192.176.11
642,Nathan,Iron,nironht@statcounter.com,Male,152.216.214.159
643,Rosetta,Plomer,rplomerhu@t.co,Female,190.237.88.79
644,Giles,Sibson,gsibsonhv@a8.net,Male,218.9.184.237
645,Waldemar,Wike,wwikehw@trellian.com,Male,167.97.216.27
646,Ami,Biasini,abiasinihx@buzzfeed.com,Female,224.239.131.203
647,Cary,Cominello,ccominellohy@cdc.gov,Female,177.148.106.69
648,Swen,Nucci,snuccihz@walmart.com,Male,204.125.79.53
649,Constanta,Whitehall,cwhitehalli0@blogs.com,Female,174.87.243.255
650,Sybila,Pateman,spatemani1@feedburner.com,Female,101.39.117.82
651,Cherida,Beetlestone,cbeetlestonei2@gnu.org,Female,66.63.240.246
652,Godfrey,Tschersich,gtschersichi3@addtoany.com,Male,252.82.124.13
653,Godfree,Kopisch,gkopischi4@163.com,Male,35.119.145.55
654,Beth,Matschke,bmatschkei5@theguardian.com,Female,21.38.204.141
655,Nicholas,Spillman,nspillmani6@sciencedaily.com,Male,114.114.62.91
656,Aloise,O' Concannon,aoconcannoni7@smh.com.au,Female,89.229.205.57
657,Sasha,Coupe,scoupei8@prlog.org,Male,98.241.215.225
658,Jayne,Pembridge,jpembridgei9@cnet.com,Female,178.137.10.127
659,Doralynn,Sherebrook,dsherebrookia@behance.net,Female,193.107.131.136
660,Celestina,MacGaughie,cmacgaughieib@china.com.cn,Female,228.252.90.26
661,Fulvia,Baggally,fbaggallyic@mlb.com,Female,119.62.13.58
662,Darbee,Oguz,doguzid@desdev.cn,Male,66.11.4.153
663,Sher,Klein,skleinie@taobao.com,Female,238.248.29.98
664,Giffie,Powis,gpowisif@dagondesign.com,Male,207.51.15.189
665,Lanie,Blowfield,lblowfieldig@abc.net.au,Female,40.144.82.150
666,Stephenie,Zanneli,szanneliih@about.me,Female,209.37.223.42
667,Tracey,Faucett,tfaucettii@icq.com,Female,29.200.100.123
668,Angelina,Corss,acorssij@forbes.com,Female,8.38.71.129
669,Reg,Rodliff,rrodliffik@whitehouse.gov,Male,246.207.175.165
670,Merv,Aubert,maubertil@cnbc.com,Male,79.87.129.55
671,Tine,Curdell,tcurdellim@hp.com,Female,173.156.38.255
672,Ebenezer,Gallatly,egallatlyin@amazonaws.com,Male,227.149.214.181
673,John,Dent,jdentio@rambler.ru,Male,20.43.233.132
674,Yetta,Lote,yloteip@pcworld.com,Female,30.57.40.204
675,Grace,Farlowe,gfarloweiq@imgur.com,Male,16.66.125.243
676,Ashley,Rennles,arennlesir@economist.com,Female,25.246.107.37
677,Kizzie,Healeas,khealeasis@census.gov,Female,92.12.21.129
678,Mortimer,Telling,mtellingit@berkeley.edu,Male,51.2.158.159
679,Wallache,Amber,wamberiu@php.net,Male,117.214.108.250
680,Tait,Chape,tchapeiv@columbia.edu,Male,192.227.130.163
681,Thebault,Barthelemy,tbarthelemyiw@dailymotion.com,Male,86.104.147.108
682,Alla,Shevels,ashevelsix@dailymail.co.uk,Female,191.239.173.9
683,Hurlee,Renshall,hrenshalliy@stumbleupon.com,Male,115.238.92.195
684,Erika,Lait,elaitiz@fc2.com,Female,196.191.25.107
685,Roseline,Maltby,rmaltbyj0@illinois.edu,Female,114.216.173.50
686,Hirsch,Koschke,hkoschkej1@cnbc.com,Male,81.155.70.148
687,Rex,McConway,rmcconwayj2@blogtalkradio.com,Male,197.208.103.90
688,Violante,Fidian,vfidianj3@homestead.com,Female,61.32.187.9
689,Franni,Croad,fcroadj4@army.mil,Female,65.207.68.81
690,Gusella,Devonport,gdevonportj5@mtv.com,Female,171.135.238.127
691,Pavlov,Silburn,psilburnj6@1und1.de,Male,52.59.93.4
692,Karee,Andreia,kandreiaj7@netvibes.com,Female,165.175.38.160
693,Conni,Dalziell,cdalziellj8@ebay.com,Female,118.12.240.92
694,Roosevelt,Birney,rbirneyj9@instagram.com,Male,108.22.115.74
695,Brandice,Rackam,brackamja@blogger.com,Female,113.82.253.199
696,Colin,Augustus,caugustusjb@xrea.com,Male,147.112.60.55
697,Sumner,Garvie,sgarviejc@ucsd.edu,Male,90.66.40.105
698,Marjorie,Kesley,mkesleyjd@livejournal.com,Female,168.175.237.99
699,Leah,Zannutti,lzannuttije@sina.com.cn,Female,157.164.101.178
700,Dale,Callister,dcallisterjf@com.com,Female,154.18.92.219
701,Garey,Vasilik,gvasilikjg@nih.gov,Male,222.241.97.252
702,Krissie,Jenicke,kjenickejh@devhub.com,Female,30.12.182.140
703,Benji,Gallally,bgallallyji@psu.edu,Male,101.66.158.217
704,Sanders,McDuall,smcdualljj@yelp.com,Male,131.34.151.122
705,Wat,Cooke,wcookejk@paypal.com,Male,9.211.24.184
706,Aluin,Glader,agladerjl@seattletimes.com,Male,204.8.62.112
707,Corbin,Drinkhill,cdrinkhilljm@twitpic.com,Male,60.218.111.72
708,Maurene,Condon,mcondonjn@unicef.org,Female,178.209.49.43
709,Yank,Hinners,yhinnersjo@tiny.cc,Male,139.204.147.227
710,Sunny,Kelwaybamber,skelwaybamberjp@jiathis.com,Female,224.240.99.227
711,Matilda,Yuryaev,myuryaevjq@gizmodo.com,Female,36.235.10.235
712,Hermione,Syalvester,hsyalvesterjr@uiuc.edu,Female,125.238.60.233
713,Carlotta,Coo,ccoojs@hubpages.com,Female,126.0.16.161
714,Benjamin,Chaise,bchaisejt@examiner.com,Male,180.225.228.81
715,Jerrilyn,McMonnies,jmcmonniesju@purevolume.com,Female,140.135.46.4
716,Fairfax,Rundle,frundlejv@apple.com,Male,59.91.157.133
717,Eyde,Kopfer,ekopferjw@a8.net,Female,182.89.83.247
718,Jaynell,St Quenin,jstqueninjx@pbs.org,Female,176.123.61.179
719,Kippie,Hollerin,khollerinjy@ibm.com,Male,207.206.146.214
720,Valentino,Collop,vcollopjz@google.co.uk,Male,209.18.122.230
721,Sky,Norvill,snorvillk0@pen.io,Male,161.125.156.67
722,Emlen,Proud,eproudk1@feedburner.com,Male,71.111.200.131
723,Noble,Snowling,nsnowlingk2@unc.edu,Male,27.163.232.53
724,Kayley,Columbine,kcolumbinek3@nytimes.com,Female,247.54.172.10
725,Reece,Harrowsmith,rharrowsmithk4@soup.io,Male,48.35.158.173
726,Corrie,Tonbye,ctonbyek5@reddit.com,Male,163.103.167.62
727,Lemmie,Bortoloni,lbortolonik6@reddit.com,Male,110.41.17.108
728,Jodi,Blazej,jblazejk7@cnn.com,Male,60.205.29.143
729,Melania,Elfe,melfek8@examiner.com,Female,76.233.64.7
730,Euell,Crosoer,ecrosoerk9@washington.edu,Male,212.163.125.171
731,Con,Sleeman,csleemanka@chron.com,Female,149.138.136.207
732,Marna,Jirsa,mjirsakb@jimdo.com,Female,22.14.75.227
733,Janeen,Lapides,jlapideskc@admin.ch,Female,70.61.208.223
734,Findley,Pie,fpiekd@fda.gov,Male,137.3.62.253
735,Harwell,Dibbs,hdibbske@1688.com,Male,98.92.150.235
736,Pascale,Hue,phuekf@feedburner.com,Male,44.40.21.78
737,Jose,Ellesmere,jellesmerekg@bloglovin.com,Male,84.57.227.126
738,Theodosia,Daymond,tdaymondkh@devhub.com,Female,253.247.18.23
739,Micheal,Barhams,mbarhamski@statcounter.com,Male,223.251.128.182
740,Bail,Boyd,bboydkj@trellian.com,Male,99.192.143.157
741,Debbie,Busfield,dbusfieldkk@cpanel.net,Female,221.150.227.75
742,Rosie,Poone,rpoonekl@reuters.com,Female,192.153.112.54
743,Lynnell,Ranger,lrangerkm@shinystat.com,Female,240.133.21.13
744,Ainslee,Kilmister,akilmisterkn@baidu.com,Female,36.108.31.148
745,Herbert,Baltzar,hbaltzarko@bloglovin.com,Male,81.224.55.6
746,Denny,Tideswell,dtideswellkp@github.com,Male,143.168.168.199
747,Ferdinanda,Franken,ffrankenkq@wiley.com,Female,59.92.254.84
748,Georas,Audus,gauduskr@tiny.cc,Male,9.166.111.156
749,Rudiger,Origan,roriganks@moonfruit.com,Male,156.246.130.56
750,Else,Columbell,ecolumbellkt@theglobeandmail.com,Female,192.130.245.107
751,Celine,Orritt,corrittku@tripadvisor.com,Female,128.166.82.136
752,Rhiamon,Lurner,rlurnerkv@sciencedirect.com,Female,24.177.111.29
753,Dela,McClunaghan,dmcclunaghankw@drupal.org,Female,105.176.222.231
754,Rubina,Doag,rdoagkx@thetimes.co.uk,Female,4.112.135.9
755,Flossy,Tuddenham,ftuddenhamky@admin.ch,Female,39.243.167.188
756,Farrah,Bartolomieu,fbartolomieukz@usatoday.com,Female,36.203.135.173
757,Jaye,Phant,jphantl0@123-reg.co.uk,Male,8.116.113.214
758,Mandy,Partington,mpartingtonl1@icq.com,Female,128.27.75.71
759,Kylie,Kunert,kkunertl2@t-online.de,Male,25.125.183.239
760,Gerty,Spalding,gspaldingl3@wikia.com,Female,108.19.247.222
761,Filmer,Bossons,fbossonsl4@artisteer.com,Male,14.135.127.19
762,Dodie,Le Pine,dlepinel5@vk.com,Female,228.186.231.245
763,Odetta,Gibbe,ogibbel6@tripadvisor.com,Female,18.65.30.210
764,Moreen,O' Clovan,moclovanl7@usa.gov,Female,117.55.190.169
765,Weider,Foan,wfoanl8@canalblog.com,Male,28.11.111.239
766,Lynda,Hurche,lhurchel9@google.fr,Female,44.199.47.188
767,Rosabelle,Casebourne,rcasebournela@jimdo.com,Female,222.12.167.251
768,Tanney,Giorgiutti,tgiorgiuttilb@dedecms.com,Male,104.204.152.254
769,Kristine,Mullin,kmullinlc@webnode.com,Female,203.37.92.213
770,Ferdinanda,Hurling,fhurlingld@nih.gov,Female,61.196.189.172
771,Catlee,Kleinzweig,ckleinzweigle@webs.com,Female,83.32.13.143
772,Lorita,Tobias,ltobiaslf@apache.org,Female,115.29.14.228
773,Berta,Mardle,bmardlelg@hugedomains.com,Female,6.114.26.179
774,Tod,Ghidotti,tghidottilh@hhs.gov,Male,243.192.253.95
775,Heath,MacCall,hmaccallli@sciencedirect.com,Male,182.180.160.58
776,Min,Hubball,mhubballlj@icq.com,Female,209.70.72.98
777,Keenan,Prettjohn,kprettjohnlk@reddit.com,Male,238.114.174.63
778,Donia,Lafay,dlafayll@spiegel.de,Female,249.47.246.203
779,Maribeth,Gaskall,mgaskalllm@mac.com,Female,173.70.58.181
780,Sonny,Duffet,sduffetln@ucla.edu,Female,46.101.15.53
781,Levey,Prugel,lprugello@opera.com,Male,222.54.155.188
782,Belita,Crowson,bcrowsonlp@harvard.edu,Female,133.30.132.226
783,Alley,Edlyn,aedlynlq@cmu.edu,Male,98.218.8.145
784,Melinda,Buttner,mbuttnerlr@skype.com,Female,225.182.181.10
785,Ruthann,Taunton,rtauntonls@joomla.org,Female,251.32.60.47
786,Leigh,Van der Velde,lvanderveldelt@ed.gov,Male,200.117.120.236
787,Burk,Tortoise,btortoiselu@un.org,Male,217.190.223.21
788,Viviene,Hughill,vhughilllv@nature.com,Female,127.224.159.166
789,Arlin,Johnsson,ajohnssonlw@livejournal.com,Male,128.156.155.248
790,Fairleigh,Cisson,fcissonlx@mysql.com,Male,247.36.116.255
791,Lorrie,O'Kerin,lokerinly@slate.com,Male,188.187.78.222
792,Gino,Jekel,gjekellz@squidoo.com,Male,146.215.186.181
793,Elaina,Coleborn,ecolebornm0@sitemeter.com,Female,141.105.247.20
794,Ambrose,LaBastida,alabastidam1@cisco.com,Male,201.237.180.76
795,Romy,Romanini,rromaninim2@paypal.com,Female,189.216.72.150
796,Zarah,Bottjer,zbottjerm3@ebay.com,Female,243.114.5.24
797,Malissia,Ida,midam4@mashable.com,Female,241.165.104.135
798,Carry,Grafhom,cgrafhomm5@parallels.com,Female,16.80.138.239
799,Sloan,Larrett,slarrettm6@stumbleupon.com,Male,7.61.243.80
800,Frannie,Brandrick,fbrandrickm7@nsw.gov.au,Female,102.213.115.195
801,Kyle,Emett,kemettm8@time.com,Female,126.104.31.228
802,Toby,Botfield,tbotfieldm9@economist.com,Male,66.160.252.42
803,Barnebas,Gherardesci,bgherardescima@umn.edu,Male,6.252.76.214
804,Marijo,Toping,mtopingmb@sina.com.cn,Female,110.59.17.43
805,Sibley,Piwell,spiwellmc@google.co.uk,Female,137.159.146.32
806,Krisha,Lempenny,klempennymd@slashdot.org,Male,84.117.22.89
807,Clerc,McDugal,cmcdugalme@sphinn.com,Male,193.83.20.54
808,Marcelo,Swadlinge,mswadlingemf@desdev.cn,Male,87.43.217.77
809,Manolo,Gellibrand,mgellibrandmg@ebay.co.uk,Male,162.96.25.14
810,Barthel,Doctor,bdoctormh@e-recht24.de,Male,53.1.7.230
811,Shannah,Bembridge,sbembridgemi@un.org,Female,117.72.13.77
812,Norrie,Cartmail,ncartmailmj@smh.com.au,Male,74.75.214.117
813,Teena,Codling,tcodlingmk@sfgate.com,Female,75.15.156.77
814,Suzie,Havvock,shavvockml@epa.gov,Female,159.224.3.225
815,Asa,Croisdall,acroisdallmm@yale.edu,Male,143.178.0.184
816,Olive,Sappson,osappsonmn@foxnews.com,Female,6.110.129.57
817,Kris,Dearman,kdearmanmo@ucoz.com,Male,245.111.121.61
818,Frazier,Bispham,fbisphammp@cmu.edu,Male,97.219.42.206
819,Cindee,Tuffey,ctuffeymq@sbwire.com,Female,220.175.51.208
820,Anstice,Greet,agreetmr@pbs.org,Female,23.156.216.205
821,Millie,Sanz,msanzms@arstechnica.com,Female,147.157.92.145
822,Corney,Idiens,cidiensmt@nih.gov,Male,147.165.228.215
823,Kenneth,Davies,kdaviesmu@huffingtonpost.com,Male,64.3.238.37
824,Dacy,Crosskell,dcrosskellmv@weebly.com,Female,234.255.99.47
825,Katharine,Palay,kpalaymw@cafepress.com,Female,77.8.55.84
826,Marion,O'Neill,moneillmx@smugmug.com,Female,175.93.32.148
827,Eryn,Pampling,epamplingmy@biglobe.ne.jp,Female,99.41.108.39
828,Josefina,Alexandrescu,jalexandrescumz@mapy.cz,Female,78.179.66.214
829,Travers,Vardey,tvardeyn0@1688.com,Male,116.87.165.164
830,Alexine,Reven,arevenn1@g.co,Female,165.107.179.128
831,Humphrey,McBean,hmcbeann2@bravesites.com,Male,5.94.11.220
832,Portia,Brindle,pbrindlen3@cam.ac.uk,Female,132.21.192.65
833,Colette,Halworth,chalworthn4@google.com.hk,Female,220.133.110.238
834,Lou,Gooch,lgoochn5@mozilla.org,Male,28.16.241.121
835,Kenn,Silberschatz,ksilberschatzn6@princeton.edu,Male,156.218.143.186
836,Emlyn,Siemon,esiemonn7@flickr.com,Female,48.52.64.131
837,Marcelle,Piquard,mpiquardn8@google.ru,Female,251.108.32.71
838,Vachel,Gurys,vgurysn9@jugem.jp,Male,25.159.14.77
839,Nisse,Hansana,nhansanana@nba.com,Female,154.181.243.228
840,Beverie,Maycock,bmaycocknb@baidu.com,Female,203.38.74.177
841,Saba,Roswarn,sroswarnnc@hubpages.com,Female,129.80.93.112
842,Marigold,Prester,mpresternd@buzzfeed.com,Female,44.49.122.29
843,Anna-diane,Manz,amanzne@unc.edu,Female,193.168.137.46
844,Humphrey,Halloway,hhallowaynf@hubpages.com,Male,135.5.211.55
845,Tan,MacCaig,tmaccaigng@elpais.com,Male,16.135.244.219
846,Florian,Groocock,fgroococknh@globo.com,Male,134.141.207.15
847,Brok,Rochford,brochfordni@who.int,Male,107.143.36.24
848,Juliann,Mulvin,jmulvinnj@bbc.co.uk,Female,101.229.94.131
849,Ernie,Wetherill,ewetherillnk@fastcompany.com,Male,254.97.213.208
850,Clayborne,Jerzyk,cjerzyknl@weebly.com,Male,234.119.194.166
851,Delilah,Simonsen,dsimonsennm@youku.com,Female,170.77.247.110
852,Afton,Allkins,aallkinsnn@vkontakte.ru,Female,110.48.122.210
853,Creight,Barbisch,cbarbischno@hhs.gov,Male,51.215.33.107
854,Ekaterina,Sammon,esammonnp@moonfruit.com,Female,25.64.92.216
855,Berny,Attenborough,battenboroughnq@newyorker.com,Female,96.128.216.146
856,Aretha,Shervil,ashervilnr@google.ca,Female,127.74.248.216
857,Winfred,Melding,wmeldingns@noaa.gov,Male,190.17.139.116
858,Ara,Flexman,aflexmannt@yellowpages.com,Female,31.207.234.147
859,Adria,Tunnacliffe,atunnacliffenu@google.nl,Female,86.15.185.11
860,Jens,Syrett,jsyrettnv@dyndns.org,Male,1.4.239.244
861,Antonino,Peakman,apeakmannw@gov.uk,Male,27.138.166.202
862,Dave,Passfield,dpassfieldnx@abc.net.au,Male,129.67.63.75
863,Ronica,Eaken,reakenny@utexas.edu,Female,78.132.30.34
864,Gail,Segeswoeth,gsegeswoethnz@i2i.jp,Male,80.191.254.184
865,Nananne,Gres,ngreso0@jugem.jp,Female,166.45.84.5
866,Kirstin,Abbot,kabboto1@hp.com,Female,19.49.168.181
867,Oona,Skentelbury,oskentelburyo2@addthis.com,Female,9.12.96.78
868,Winona,Kleinstub,wkleinstubo3@simplemachines.org,Female,43.12.250.42
869,Fletch,Dormer,fdormero4@cnet.com,Male,61.44.203.51
870,Kellyann,Dangl,kdanglo5@feedburner.com,Female,225.87.186.192
871,Dniren,Boase,dboaseo6@fc2.com,Female,195.106.19.185
872,Jessamine,Lindberg,jlindbergo7@symantec.com,Female,0.125.223.42
873,Halsy,Dowson,hdowsono8@google.fr,Male,105.129.235.65
874,Elias,Le feuvre,elefeuvreo9@blinklist.com,Male,198.34.71.186
875,Elbertine,Copnall,ecopnalloa@stumbleupon.com,Female,241.106.151.19
876,Cecilia,Ladson,cladsonob@shutterfly.com,Female,237.87.31.233
877,Bink,Dinneges,bdinnegesoc@bbc.co.uk,Male,164.136.136.27
878,Hugues,Kildale,hkildaleod@symantec.com,Male,54.136.82.110
879,Felix,Andreou,fandreouoe@technorati.com,Male,119.123.140.10
880,Dante,Fright,dfrightof@bigcartel.com,Male,138.247.254.47
881,Ruby,Brazenor,rbrazenorog@nature.com,Female,219.108.76.177
882,Giana,Ruggen,gruggenoh@mapy.cz,Female,157.193.77.239
883,Maybelle,Bramsom,mbramsomoi@mapquest.com,Female,153.155.185.176
884,Tish,Stower,tstoweroj@intel.com,Female,117.212.112.98
885,Camala,Carlow,ccarlowok@deliciousdays.com,Female,152.66.49.160
886,Brannon,Holbarrow,bholbarrowol@baidu.com,Male,229.239.162.181
887,Chelsae,Jancik,cjancikom@arstechnica.com,Female,21.164.127.9
888,Cammi,Heggman,cheggmanon@wordpress.com,Female,35.171.111.186
889,Rafe,Codling,rcodlingoo@miibeian.gov.cn,Male,3.129.232.15
890,Micaela,Sorensen,msorensenop@imageshack.us,Female,123.78.104.120
891,Gerda,Crookall,gcrookalloq@simplemachines.org,Female,170.210.36.122
892,Aharon,Brastead,abrasteador@jiathis.com,Male,250.208.35.73
893,Terrence,Buckam,tbuckamos@wordpress.org,Male,247.112.146.105
894,Rodolph,Tolcher,rtolcherot@shareasale.com,Male,3.143.255.57
895,Gabbie,Gilchrest,ggilchrestou@marriott.com,Male,24.146.230.45
896,Shari,Guesford,sguesfordov@uol.com.br,Female,153.163.194.142
897,Delia,Judkin,djudkinow@networksolutions.com,Female,240.80.120.91
898,Eugenia,Hallet,ehalletox@hubpages.com,Female,146.178.75.143
899,Franky,Trowsdall,ftrowsdalloy@domainmarket.com,Female,47.184.188.183
900,Kenon,Hutchcraft,khutchcraftoz@dell.com,Male,213.184.135.190
901,Levey,Daid,ldaidp0@bravesites.com,Male,181.48.5.1
902,Timmie,Ludovico,tludovicop1@amazon.co.jp,Female,198.78.182.250
903,Anneliese,Gillbee,agillbeep2@fda.gov,Female,54.159.87.99
904,Yancey,Elton,yeltonp3@csmonitor.com,Male,102.52.222.223
905,Sibel,Cable,scablep4@furl.net,Female,244.34.221.59
906,Bethanne,Glossop,bglossopp5@free.fr,Female,240.70.119.175
907,Barris,Larchier,blarchierp6@tuttocitta.it,Male,247.84.97.120
908,Sal,Petschel,spetschelp7@harvard.edu,Male,154.125.207.234
909,Lydia,Mollatt,lmollattp8@shop-pro.jp,Female,195.87.45.24
910,Forest,Bianco,fbiancop9@storify.com,Male,69.233.214.178
911,Derrik,Callister,dcallisterpa@smugmug.com,Male,132.79.53.190
912,Gregorius,Seyler,gseylerpb@weebly.com,Male,66.155.72.242
913,Simon,Stearley,sstearleypc@paypal.com,Male,7.42.121.10
914,Abbye,Cooney,acooneypd@boston.com,Female,167.177.192.16
915,Gregory,Penrith,gpenrithpe@networkadvertising.org,Male,148.146.184.19
916,Merrill,Toler,mtolerpf@google.ru,Male,61.86.93.142
917,Jo,Castiglioni,jcastiglionipg@jalbum.net,Male,219.226.35.121
918,Willem,Armatage,warmatageph@shop-pro.jp,Male,65.172.174.65
919,Danielle,Wenderott,dwenderottpi@mapquest.com,Female,107.141.186.107
920,Elnar,Brambill,ebrambillpj@gmpg.org,Male,158.228.87.37
921,Donetta,Varvara,dvarvarapk@wix.com,Female,54.53.149.207
922,Ferdinande,Bredes,fbredespl@amazon.de,Female,219.7.156.9
923,Val,Keneleyside,vkeneleysidepm@huffingtonpost.com,Female,247.78.240.82
924,Corinna,Ilson,cilsonpn@telegraph.co.uk,Female,10.192.135.165
925,Wat,Siney,wsineypo@theguardian.com,Male,70.6.113.253
926,Teodoor,Goodbar,tgoodbarpp@google.pl,Male,6.143.30.47
927,Nanine,Nerger,nnergerpq@goo.gl,Female,254.162.171.105
928,Cointon,Heaford,cheafordpr@npr.org,Male,158.172.18.41
929,Tad,Shears,tshearsps@guardian.co.uk,Male,197.71.223.187
930,Vernon,Dyers,vdyerspt@wiley.com,Male,23.111.248.237
931,Halsy,Liccardi,hliccardipu@scribd.com,Male,147.109.231.75
932,Caroljean,Ayliffe,cayliffepv@cisco.com,Female,245.227.166.213
933,Gwyn,Brittian,gbrittianpw@g.co,Female,84.92.64.61
934,Bernardo,Garlee,bgarleepx@privacy.gov.au,Male,131.194.124.226
935,Jamima,Sherrum,jsherrumpy@wsj.com,Female,191.232.112.231
936,Englebert,Alwen,ealwenpz@google.com,Male,174.12.113.169
937,Charmion,MacCurtain,cmaccurtainq0@php.net,Female,129.247.70.238
938,Verena,Schapiro,vschapiroq1@epa.gov,Female,68.121.90.154
939,Jesselyn,Selly,jsellyq2@hud.gov,Female,174.16.114.90
940,Ajay,Gracewood,agracewoodq3@cnn.com,Female,199.164.56.188
941,Grayce,Todari,gtodariq4@weebly.com,Female,180.197.117.133
942,Karia,Robinette,krobinetteq5@ed.gov,Female,145.84.74.74
943,Aldric,Disbury,adisburyq6@craigslist.org,Male,125.140.23.60
944,Brigg,Gabbot,bgabbotq7@mit.edu,Male,163.70.0.255
945,Suzie,Rizzone,srizzoneq8@gizmodo.com,Female,186.81.198.24
946,Polly,Yuille,pyuilleq9@cloudflare.com,Female,9.14.253.36
947,Billye,Balfre,bbalfreqa@abc.net.au,Female,95.221.201.103
948,Alidia,Belfelt,abelfeltqb@webeden.co.uk,Female,242.47.232.117
949,Zandra,Wilsee,zwilseeqc@google.co.jp,Female,11.197.234.73
950,Yvon,Abell,yabellqd@berkeley.edu,Male,8.133.184.80
951,Salomone,Luthwood,sluthwoodqe@godaddy.com,Male,86.81.87.246
952,Glenna,Woodier,gwoodierqf@gnu.org,Female,40.43.43.127
953,Desmund,Borg-Bartolo,dborgbartoloqg@alexa.com,Male,109.46.201.191
954,Kingston,Kingaby,kkingabyqh@wired.com,Male,157.165.97.3
955,Maryrose,Golton,mgoltonqi@trellian.com,Female,159.110.40.13
956,Adham,Mcimmie,amcimmieqj@apache.org,Male,38.122.11.158
957,Pierrette,Belward,pbelwardqk@usnews.com,Female,175.245.197.109
958,Pietro,Coniam,pconiamql@washingtonpost.com,Male,196.7.15.133
959,Willdon,Kunkel,wkunkelqm@t.co,Male,15.41.95.212
960,Gates,Hebblethwaite,ghebblethwaiteqn@cam.ac.uk,Female,213.141.235.169
961,Elspeth,Gerry,egerryqo@gmpg.org,Female,162.251.51.126
962,Aubert,Reely,areelyqp@edublogs.org,Male,200.40.172.76
963,Phillie,Dusey,pduseyqq@statcounter.com,Female,64.72.85.191
964,Ban,Billing,bbillingqr@yellowpages.com,Male,11.43.86.50
965,Ellis,Golde,egoldeqs@clickbank.net,Male,110.198.50.7
966,Gerri,McEvoy,gmcevoyqt@whitehouse.gov,Male,228.30.129.214
967,Bidget,Bortol,bbortolqu@wisc.edu,Female,40.246.205.143
968,Deloria,Fielding,dfieldingqv@fda.gov,Female,115.125.64.67
969,Marne,Stickels,mstickelsqw@msu.edu,Female,253.100.229.191
970,Dorolisa,de Nore,ddenoreqx@netvibes.com,Female,55.49.169.16
971,Cletis,Hadlee,chadleeqy@ehow.com,Male,112.37.183.130
972,Dorolice,Laker,dlakerqz@cafepress.com,Female,159.139.226.212
973,Eal,Edlyn,eedlynr0@sbwire.com,Male,179.219.234.156
974,Ram,Troubridge,rtroubridger1@oakley.com,Male,232.121.181.16
975,Aigneis,Franchi,afranchir2@ibm.com,Female,68.8.90.145
976,Camilla,Linner,clinnerr3@storify.com,Female,8.120.87.18
977,Gaultiero,Backshell,gbackshellr4@apple.com,Male,5.58.250.3
978,Banky,Balogh,bbaloghr5@opera.com,Male,161.239.139.231
979,Emmerich,Seyffert,eseyffertr6@sourceforge.net,Male,85.177.242.136
980,Briana,Maxfield,bmaxfieldr7@cyberchimps.com,Female,44.198.115.132
981,Phedra,Ferier,pferierr8@wikipedia.org,Female,83.119.2.222
982,Winnah,Ablitt,wablittr9@printfriendly.com,Female,96.232.46.95
983,Monte,Mixhel,mmixhelra@gmpg.org,Male,76.253.105.39
984,Rodie,Paddison,rpaddisonrb@tripadvisor.com,Female,239.127.123.228
985,Ian,Eddy,ieddyrc@uol.com.br,Male,22.190.77.211
986,Bernadine,Ivantyev,bivantyevrd@illinois.edu,Female,103.180.95.208
987,Brewer,Spurdens,bspurdensre@ning.com,Male,164.165.225.28
988,Bonni,Edds,beddsrf@boston.com,Female,219.231.82.81
989,Lorinda,Rodolphe,lrodolpherg@epa.gov,Female,15.149.155.156
990,Patin,Widmore,pwidmorerh@lycos.com,Male,160.40.241.169
991,Diego,Jedrzejkiewicz,djedrzejkiewiczri@geocities.jp,Male,59.136.71.184
992,Inger,Cayley,icayleyrj@nasa.gov,Female,57.13.130.55
993,Codie,Chaytor,cchaytorrk@mlb.com,Female,34.149.118.23
994,Phyllis,Bycraft,pbycraftrl@usda.gov,Female,195.62.113.205
995,Stevena,Robeson,srobesonrm@amazon.com,Female,84.132.135.124
996,Ashbey,Veld,aveldrn@alexa.com,Male,11.26.124.124
997,Marcela,Beardsdale,mbeardsdalero@hubpages.com,Female,41.84.235.164
998,Marcus,Bentote,mbentoterp@about.com,Male,232.113.100.130
999,Priscella,Foxley,pfoxleyrq@webeden.co.uk,Female,123.158.227.249
1000,Jobina,Thunderchief,jthunderchiefrr@com.com,Female,253.151.83.229
